<?xml version="1.0" encoding="UTF-8"?>
<odoo>
     <record model="ir.module.category" id="module_category_travel_management">
             <field name="name">Travel management</field>
             <field name="description">User access level for Travel management module</field>
             <field name="sequence">20</field>
        </record>
        <record id="travel_management_group_user" model="res.groups">
            <field name="name">User</field>
            <field name="category_id" ref="travel_management.module_category_travel_management"/>
        </record>
        <record id="travel_management_group_manager" model="res.groups">
            <field name="name">Manager</field>
            <field name="category_id" ref="travel_management.module_category_travel_management"/>
            <field name="implied_ids" eval="[(4, ref('travel_management_group_user'))]"/>
        </record>
     <record model="ir.rule" id="travel_booking_rule_booking_visibility_user">
         <field name="name">See only the records created by user</field>
         <field name="model_id" ref="model_travel_booking"/>
         <field name="domain_force">[('user_id','=',user.id),('company_id', 'in', company_ids)]</field>
         <field name="groups" eval="[(4, ref('travel_management_group_user'))]"/>
     </record>
    <record model="ir.rule" id="travel_booking_rule_booking_visibility_manager">
         <field name="name">See only the records created by user</field>
         <field name="model_id" ref="model_travel_booking"/>
         <field name="domain_force">[(1,'=',1)]</field>
         <field name="groups" eval="[(4, ref('travel_management_group_manager'))]"/>
     </record>
    <record model="ir.rule" id="tour_package_rule_package_visibility_user">
         <field name="name">See only the records created by user</field>
         <field name="model_id" ref="model_tour_package"/>
         <field name="domain_force">[('user_id','=',user.id),('company_id', 'in', company_ids)]</field>
         <field name="groups" eval="[(4, ref('travel_management_group_user'))]"/>
     </record>
    <record model="ir.rule" id="tour_package_rule_package_visibility_manager">
         <field name="name">See only the records created by user</field>
         <field name="model_id" ref="model_tour_package"/>
         <field name="domain_force">[(1,'=',1)]</field>
         <field name="groups" eval="[(4, ref('travel_management_group_manager'))]"/>
     </record>
</odoo>