<?xml version="1.0" encoding="UTF-8"?>
<!--Template inherited for adding product owner details-->
<templates id="template" xml:space="preserve">
<!--    Adding product owner in the pos receipt-->
    <t t-name="OrderLinesReceipt" t-inherit="point_of_sale.OrderLinesReceipt" t-inherit-mode="extension" owl="1">
       <xpath expr="//t[@t-foreach='receipt.orderlines']" position="inside">
       <t t-if="line.owner_id">
        Owner :<t t-esc="line.owner_id[1]"/>
        </t>
</xpath>
    </t>
<!--    Adding product owner the pos order line-->
    <t t-name="Orderline" t-inherit="point_of_sale.Orderline" t-inherit-mode="extension" owl="1">
        <xpath expr="//ul[hasclass('info-list')]" position="inside">
            <t t-if="props.line.get_product().owner_id">
                <t t-esc='props.line.get_product().owner_id[1]'/>
            </t>
        </xpath>
    </t>
</templates>
