<?xml version="1.0" encoding="UTF-8"?>
<odoo>
    <data>
        <record id="ir_cron_scheduler_booking_action" model="ir.cron">
            <field name="name">Expiration of booking scheduler</field>
            <field name="model_id" ref="model_travel_booking"/>
            <field name="type">ir.actions.server</field>
            <field name="state">code</field>
            <field name="code">model.auto_expiration_date()</field>
            <field name="interval_number">1</field>
            <field name="interval_type">days</field>
            <field name="numbercall">-1</field>
        </record>
    </data>
</odoo>