<?xml version="1.0" encoding="UTF-8"?>
<templates id="template" xml:space="preserve">
<t t-name="event">
    <div id="dynamic_snippet" class="container carousel slide"
         data-bs-ride="carousel" t-att-data-bs-interval="interval">
        <div class="carousel-inner row w-100 mx-auto" role="listbox">
            <t t-foreach="chunks" t-as="chunk">
                <div t-att-class="chunk.is_active ? 'carousel-item active' : 'carousel-item'">
                    <div class="row">
                        <t t-foreach="chunk" t-as="item">
                            <div class="block span3 col-3">
                                <div class="card-group">
                                    <div class="card">
                                            <img class="card-img-top"
                                                 t-attf-src="data:image/png;base64,{{item.image}}"
                                                 style="padding: 0px; margin: 0px; height: 160px; width:305px;"/>
                                        <h5 class="mb-0"><t t-esc="item.name"/></h5>
                                        <h6 class="mb-0"><t t-esc="item.date_begin"/></h6>
                                        <a t-attf-href="/event/{{item.id}}"
                                           class="btn btn-primary">Goto Events</a>
                                    </div>
                                </div>
                            </div>
                        </t>
                    </div>
                </div>
            </t>
        </div>
    </div>
</t>
</templates>