<?xml version="1.0" encoding="UTF-8"?>
<odoo>
    <data>
        <record id="reminder_email_template" model="mail.template">
            <field name="name">APPOINTMENT REMINDER</field>
            <field name="model_id"
                   ref="workshop_management.model_workshop_appointment"/>
            <field name="email_from">"{{ object.responsible_id.partner_id.email }}"</field>
            <field name="email_to">"{{ object.email }}"</field>
            <field name="subject">REMINDER FOR YOUR APPOINTMENT</field>
            <field name="body_html" type="html">
                <div style="margin: 0px; padding: 0px;">
                    <div style="margin: 0px; padding: 0px;">
                        <p style="margin: 0px; padding: 0px; font-size: 13px;">
                            Dear <t t-out="object.customer_id.name"/>,
                            <br/>
                            <br/>
                            Reminder, Your service appointment is tomorrow!
                            <br/>
                            <br/>
                            Regards,
                            <br/>
                            <t t-out="object.responsible_id.company_id.name"/>
                        </p>
                    </div>
                </div>
            </field>
        </record>
    </data>
</odoo>