id,name,model_id/id,group_id/id,perm_read,perm_write,perm_create,perm_unlink
access_crm_commission,access_crm_commission,model_crm_commission,base.group_user,1,1,1,1
access_commission_product,access_commission_product,model_commission_product,base.group_user,1,1,1,1
access_commission_revenue,access_commission_revenue,model_commission_revenue,base.group_user,1,1,1,1
access_crm_team,access_crm_team,model_crm_team,base.group_user,1,1,1,1
access_res_users,access_res_users,model_res_users,base.group_user,1,1,1,1
access_sale_order,access_sale_order,model_sale_order,base.group_user,1,1,1,1
access_sales_commissions,access_sales_commission,model_sales_commission,base.group_user,1,1,1,1